<?xml version="1.0" encoding="UTF-8"?><rss version="2.0"
	xmlns:content="http://purl.org/rss/1.0/modules/content/"
	xmlns:dc="http://purl.org/dc/elements/1.1/"
	xmlns:atom="http://www.w3.org/2005/Atom"
	xmlns:sy="http://purl.org/rss/1.0/modules/syndication/"
	
	>
<channel>
	<title>
	Comments on: 10 Resep Masakan Nusantara yang Lezat	</title>
	<atom:link href="/resep-masakan-nusantara/feed/" rel="self" type="application/rss+xml" />
	<link>/resep-masakan-nusantara/</link>
	<description>Culinary Festival</description>
	<lastBuildDate>Thu, 04 Jul 2024 06:10:06 +0000</lastBuildDate>
	<sy:updatePeriod>
	hourly	</sy:updatePeriod>
	<sy:updateFrequency>
	1	</sy:updateFrequency>
	<generator>https://wordpress.org/?v=6.5.5</generator>
</channel>
</rss>
